question,answer
Hello,Hello! Welcome to Saraswati College of Engineering Chatbot. How can I help you today?
Hi,Hi there! I am SCOE Assistant. Ask me anything about admissions courses placements or campus life.
Hey,Hey! How can I assist you today regarding SCOE?
Hii,Hii! Welcome to SCOE chatbot. What would you like to know?
Good morning,Good morning! Welcome to SCOE chatbot. What would you like to know today?
Good afternoon,Good afternoon! I am here to help you with any queries about SCOE.
Good evening,Good evening! How can I help you with SCOE information?
How are you,I am doing great! I am your SCOE Assistant ready to help you anytime.
What is your name,I am SCOE Chatbot your virtual assistant for Saraswati College of Engineering.
Who are you,I am SCOE Assistant a chatbot designed to answer your queries about Saraswati College of Engineering.
What can you do,I can answer your questions about SCOE admissions courses fees placements facilities campus life and much more.
Help me,Sure! I can help you with information about SCOE. Ask me anything about admissions courses fees placements or campus facilities.
Thank you,You are welcome! Feel free to ask if you have any more questions.
Thanks,Happy to help! Let me know if you need anything else.
Bye,Goodbye! Have a great day. Feel free to come back anytime for more information about SCOE.
Goodbye,Goodbye! Best of luck with your admission journey at SCOE.
See you,See you! Do visit again if you have more questions about SCOE.
Ok,Alright! Let me know if you need any more information about SCOE.
Okay,Okay! Feel free to ask anything else about SCOE.
What is Saraswati College of Engineering,Saraswati College of Engineering (SCOE) is a reputed engineering college located in Kharghar Navi Mumbai affiliated to the University of Mumbai and approved by AICTE.
Tell me about SCOE,Saraswati College of Engineering (SCOE) is located in Kharghar Navi Mumbai. It offers BE and ME programs in various engineering branches and is affiliated to University of Mumbai and approved by AICTE.
What is SCOE,SCOE stands for Saraswati College of Engineering located in Kharghar Navi Mumbai Maharashtra.
Where is SCOE located,SCOE is located at Plot No. 54/55 Kharghar Navi Mumbai Maharashtra 410210.
What is the address of SCOE,The address of SCOE is Plot No. 54/55 Sector 4 Kharghar Navi Mumbai Maharashtra 410210.
Which university is SCOE affiliated to,Saraswati College of Engineering is affiliated to the University of Mumbai.
Is SCOE approved by AICTE,Yes SCOE is approved by AICTE (All India Council for Technical Education).
What is the contact number of SCOE,You can contact SCOE at 022-27746450 or visit the official website for updated contact details.
What is the official website of SCOE,The official website of Saraswati College of Engineering is www.scoengineering.org.
What is the email address of SCOE,You can email SCOE at principal@scoengineering.org for general queries.
What courses are offered at SCOE,SCOE offers undergraduate BE and postgraduate ME engineering programs in Computer Engineering Civil Engineering Mechanical Engineering Electronics and Telecommunication Engineering and Information Technology.
Which BE branches are available at SCOE,BE branches available at SCOE are Computer Engineering Civil Engineering Mechanical Engineering Electronics and Telecommunication Engineering and Information Technology.
Does SCOE offer ME programs,Yes SCOE offers ME programs in Computer Engineering and Civil Engineering.
What is the duration of BE program,The BE program at SCOE is of 4 years duration divided into 8 semesters.
What is the duration of ME program,The ME program at SCOE is of 2 years duration divided into 4 semesters.
What is Computer Engineering at SCOE,Computer Engineering at SCOE is a 4 year BE program focused on programming software development data structures algorithms and computer networks with 120 seats intake.
What is the intake of Computer Engineering,The intake capacity for Computer Engineering at SCOE is 120 seats.
What is the intake of Mechanical Engineering,The intake capacity for Mechanical Engineering at SCOE is 60 seats.
What is the intake of Civil Engineering,The intake capacity for Civil Engineering at SCOE is 60 seats.
What is the intake of Electronics and Telecommunication,The intake capacity for Electronics and Telecommunication Engineering at SCOE is 60 seats.
What is the intake of Information Technology,The intake capacity for Information Technology at SCOE is 60 seats.
How many departments are there in SCOE,SCOE has departments of Computer Engineering Civil Engineering Mechanical Engineering Electronics and Telecommunication Engineering Information Technology and Applied Sciences.
What is first year engineering at SCOE,First year engineering at SCOE covers basic subjects like Physics Chemistry Mathematics Engineering Mechanics and Engineering Drawing handled by the Applied Sciences department.
How can I take admission in SCOE,Admission to SCOE is done through MHT-CET or JEE scores via the Centralized Admission Process CAP conducted by the state of Maharashtra.
What is the admission process for BE,For BE admission you need to appear in MHT-CET exam and then apply through CAP rounds conducted by the Maharashtra DTE.
What is the eligibility for BE admission,Candidates must have passed HSC 12th with Physics Chemistry and Mathematics with minimum 45% marks and a valid MHT-CET or JEE score.
What documents are required for admission,Documents required include marksheets of 10th and 12th MHT-CET scorecard domicile certificate caste certificate if applicable transfer certificate and passport size photographs.
What is the last date for admission,Admission dates are announced by DTE Maharashtra. Please check the official DTE website or SCOE admission office for current year deadlines.
What is the SCOE college code,Please check the DTE Maharashtra website or MHT-CET official portal for the latest SCOE college code.
Does SCOE accept JEE scores,Yes SCOE accepts JEE Main scores as an alternative to MHT-CET for BE admissions.
What is lateral entry admission,Direct second year lateral entry admission is available for diploma holders through DTE Maharashtra CAP process.
What is the eligibility for lateral entry,Diploma holders in relevant engineering branch with minimum 45% marks are eligible for direct second year lateral entry admission at SCOE.
What is the fee structure for BE,The approximate fee for BE at SCOE is around Rs 1 to 1.5 lakh per year for open category students. Please check the official website for exact and updated fee details.
What is the fee for Computer Engineering,The approximate fee for Computer Engineering BE is around Rs 1 to 1.5 lakh per year. Visit the official website for exact fees.
What is the fee for Mechanical Engineering,The approximate fee for Mechanical Engineering BE is around Rs 1 to 1.5 lakh per year. Visit the official website for exact fees.
What is the total fee for BE,The total approximate fee for the complete 4 year BE program is around Rs 4 to 6 lakhs depending on the branch and category.
Is there any scholarship available,Yes scholarships are available including Government of Maharashtra EBC OBC SC ST scholarships and merit based scholarships.
How can I apply for scholarship,You can apply for scholarships through the Maharashtra Scholarship Portal at mahadbt.maharashtra.gov.in after taking admission.
What is the fee for reserved category students,Reserved category students like SC ST OBC get fee concessions as per Maharashtra government norms. Check the official DTE website for exact fee details.
Does SCOE have placement cell,Yes SCOE has an active Training and Placement Cell that helps students get placed in top companies.
Which companies visit SCOE for placement,Companies like TCS Infosys Wipro Capgemini Cognizant L&T Accenture Hexaware and many other top companies visit SCOE for campus recruitment.
What is the average package at SCOE,The average placement package at SCOE is approximately 3 to 5 LPA depending on the branch and year.
What is the highest package at SCOE,The highest package offered at SCOE has been around 8 to 12 LPA in recent placement drives.
How can I prepare for placements at SCOE,SCOE Training and Placement Cell provides aptitude training soft skills workshops mock interviews and technical sessions to help students prepare for placements.
Does SCOE have internship opportunities,Yes the Training and Placement Cell at SCOE helps students get internship opportunities with various companies during summer vacations.
What is the duration of internship,Internships are usually done between 3rd and 4th year during summer vacations and are typically 1 to 2 months duration.
Does SCOE have a library,Yes SCOE has a well-equipped library with thousands of books journals national and international publications and digital resources for students.
What are the library timings,The library is generally open from 9:00 AM to 6:00 PM on all working days Monday to Saturday.
Does SCOE have computer labs,Yes SCOE has multiple well-equipped computer labs with high-end systems and licensed software for students.
What software is available in labs,Labs are equipped with software like AutoCAD MATLAB Tally Java compilers Python IDEs Visual Studio and other engineering tools.
Does SCOE have WiFi,Yes SCOE campus has WiFi facility available for students throughout the campus.
Does SCOE have a canteen,Yes SCOE has a canteen that provides affordable meals snacks and beverages to students and staff.
Does SCOE have sports facility,Yes SCOE has sports facilities including a playground for cricket football and other outdoor sports along with indoor games.
Does SCOE have a gym,Please contact the college sports department for information about gym and fitness facilities at SCOE.
Does SCOE have hostel facility,Please contact the college administration for the latest hostel availability and fee details as hostel facilities may vary.
Does SCOE have a seminar hall,Yes SCOE has a seminar hall equipped with projector and audio-visual facilities for seminars workshops and events.
Does SCOE have an auditorium,Yes SCOE has an auditorium for large events college fests and official functions.
Does SCOE have CCTV,Yes SCOE campus is under 24x7 CCTV surveillance for the safety and security of students and staff.
What are the college timings,SCOE college timings are generally from 9:00 AM to 5:00 PM on weekdays Monday to Saturday.
What is the exam pattern at SCOE,SCOE follows University of Mumbai exam pattern with internal assessments ISE MSE and semester end exams conducted by the university.
When are the university exams held,University exams are typically held in November-December for odd semesters and April-May for even semesters.
What is the passing criteria at SCOE,Students must score at least 40% marks in each subject including separate passing in theory and practical as per University of Mumbai norms.
What happens if I fail in a subject,If you fail in a subject you can appear for KT Keep Term exams conducted by University of Mumbai in the subsequent exam cycle.
How can I apply for revaluation,You can apply for revaluation of your answer sheet through the University of Mumbai portal within the deadline after results are declared.
What is internal assessment at SCOE,Internal assessment includes ISE In Semester Exam MSE Mid Semester Exam assignments practicals and attendance. It contributes 20 to 25% of total marks.
What is the attendance requirement,Students must maintain a minimum of 75% attendance in each subject to be eligible to appear for university exams.
What if my attendance is below 75%,If attendance falls below 75% you may not be allowed to appear in the university exams. You can apply for condonation under special circumstances.
How can I check my attendance,You can check your attendance through the college ERP portal or by contacting your respective class teacher.
Does SCOE have an ERP portal,Yes SCOE uses an ERP system for students to check attendance marks timetable and other academic information.
How do I login to ERP portal,You can login to the ERP portal using credentials provided by the college at the time of admission. Contact the IT department if you face any issues.
How do I get a bonafide certificate,You can apply for a bonafide certificate at the college office by submitting a request form along with your student ID. It is usually issued within 2 to 3 working days.
How do I get my marksheet,Marksheets are issued by University of Mumbai. You can collect them from the college examination department after results are declared.
How do I get a leaving certificate,You can apply for a leaving certificate at the college office after completing the no-dues process from all departments.
How do I get a migration certificate,Migration certificate is issued by University of Mumbai. Apply through the college exam department with required documents and fees.
What is the anti-ragging policy at SCOE,SCOE strictly follows AICTE anti-ragging guidelines. Any form of ragging is completely prohibited and punishable by expulsion.
How to report ragging at SCOE,You can report ragging to the anti-ragging committee at SCOE or call the national anti-ragging helpline 1800-180-5522. Your identity will be kept confidential.
Does SCOE have a grievance cell,Yes SCOE has a student grievance redressal cell where students can submit their complaints and concerns to the management.
Does SCOE have a women's cell,Yes SCOE has a women's grievance cell to ensure a safe and supportive environment for all female students.
Does SCOE have NSS,Yes SCOE has an NSS National Service Scheme unit that conducts various social activities and community service programs.
Does SCOE have NCC,Please contact the college administration for the latest information about NCC availability at SCOE.
What is CSI at SCOE,CSI stands for Computer Society of India. SCOE has a CSI student chapter that organizes technical events workshops and seminars.
What is ISTE at SCOE,ISTE is the Indian Society for Technical Education. SCOE has an ISTE chapter for student development activities and technical workshops.
Does SCOE have a robotics club,Yes SCOE has a robotics and innovation club where students work on exciting technical projects and participate in national competitions.
Does SCOE have coding club,Yes SCOE has coding and programming clubs where students practice competitive coding develop projects and participate in hackathons.
Does SCOE have cultural fest,Yes SCOE organizes an annual cultural festival where students showcase their talents through dance music drama and various cultural activities.
Does SCOE have technical fest,Yes SCOE organizes technical events and fests where students participate in coding hackathons project exhibitions and paper presentations.
Does SCOE have industrial visits,Yes SCOE organizes industrial visits for students to help them get practical exposure to the industry and real world engineering.
Does SCOE have alumni association,Yes SCOE has an active alumni association that helps current students with networking mentoring and placement opportunities.
Does SCOE have mentor system,Yes SCOE has a faculty mentor system where each student is assigned a mentor for academic and personal guidance throughout their engineering journey.
Does SCOE have research cell,Yes SCOE has a research and development cell that encourages faculty and students to carry out research projects and publish papers.
What is NAAC grade of SCOE,SCOE is accredited. Please check the official website for the latest NAAC accreditation grade and status.
Is SCOE NBA accredited,Some programs at SCOE are NBA accredited. Please check the official website for the latest NBA accreditation details.
What is the vision of SCOE,The vision of SCOE is to create technically competent socially responsible and ethically sound engineers ready for global challenges.
What is the mission of SCOE,The mission of SCOE is to provide quality technical education through innovative teaching methods industry collaboration and research activities.
How to reach SCOE from Kharghar station,SCOE is approximately 2 km from Kharghar railway station. You can take an auto rickshaw or walk to reach the campus.
What is the nearest railway station to SCOE,Kharghar railway station on the Harbour Line is the nearest railway station to SCOE.
Does SCOE have bus facility,Please check with the college administration for any bus or transport facility available for students commuting to SCOE.
What is the language of instruction at SCOE,The primary language of instruction at SCOE is English.
Is SCOE a minority institution,No SCOE is not a minority institution. It is open to all students from any category caste or religion.
Does SCOE have gap year policy,Gap year students can apply for admission as per DTE norms. They may need to submit an affidavit explaining the gap in education.
How many years is engineering at SCOE,Engineering BE at SCOE is 4 years (8 semesters). ME is 2 years (4 semesters).
What is the ranking of SCOE,SCOE is among the reputed engineering colleges in Navi Mumbai. For current rankings refer to NIRF or Maharashtra state engineering college rankings.
Is SCOE good for placements,Yes SCOE has a dedicated Training and Placement Cell with good placement records. Top companies like TCS Infosys Wipro Capgemini regularly visit for campus hiring.
Which branch is best at SCOE,Computer Engineering and Information Technology are among the most popular branches at SCOE with good placement records. Choose based on your interest and aptitude.
Is SCOE good college,Yes SCOE is a well-established engineering college in Navi Mumbai with good faculty infrastructure placement support and extracurricular activities.
What is the strength of SCOE,SCOE has strong faculty members good laboratory infrastructure active placement cell and a vibrant campus life making it a good choice for engineering.
Does SCOE have online classes,SCOE conducts regular offline classes. During special circumstances online classes may be conducted. Check with the college for current mode of instruction.
What is the timetable at SCOE,Timetables are issued by respective departments at the start of each semester. You can check your timetable on the ERP portal or from your class coordinator.
How many students are in SCOE,SCOE has a total student strength of approximately 1500 to 2000 students across all branches and years.
What is the student to teacher ratio at SCOE,SCOE maintains a good student to teacher ratio as per AICTE norms to ensure quality education for all students.
Does SCOE have a medical room,Yes SCOE has a first aid and medical room on campus for basic health emergencies. Students can approach the security or admin staff for assistance.
Is there a photocopier at SCOE,Yes photocopy and printing facilities are available on the SCOE campus for students.
Does SCOE have a bank or ATM nearby,There are banks and ATMs available near the SCOE campus in Kharghar. Check with college admin for exact locations.
What are the rules at SCOE,SCOE follows a strict code of conduct including dress code attendance requirement academic integrity anti-ragging policy and respectful behavior on campus.
Is there a dress code at SCOE,Yes SCOE has a dress code. Students are generally required to wear formal or semi-formal clothes and ID cards must be worn at all times on campus.
How to get student ID card at SCOE,Student ID cards are issued by the college office at the time of admission. Carry your ID card at all times on campus as it is mandatory.
What if I lost my ID card,If you lose your ID card report it to the college office immediately and apply for a duplicate ID card by paying the required fee.
How to get transcript from SCOE,Official transcripts are issued by the college exam department. Submit a request form with required documents and fees to get your transcript.
Does SCOE have project lab,Yes SCOE has dedicated project labs where final year students work on their BE and ME projects under faculty guidance.
What is the final year project at SCOE,Final year students at SCOE do a major project in their 7th and 8th semester under faculty guidance. Projects can be software hardware or research based.
How to choose project guide at SCOE,Project guides are assigned or chosen from the department faculty at the beginning of the final year. Contact your department for the project allocation process.
Does SCOE have IEEE chapter,Please check with the college or official SCOE website for the current status of IEEE student chapter at SCOE.
Does SCOE have entrepreneurship cell,Yes SCOE encourages entrepreneurship through various events workshops and startup incubation initiatives on campus.
What is the notice board URL for SCOE,Check the official SCOE website at www.scoengineering.org for all notices circulars and important announcements.
How to get NOC from SCOE,NOC No Objection Certificate can be obtained from the college office by submitting a written request with your purpose and required documents.
What is the refund policy at SCOE,Refund policy follows DTE Maharashtra and University of Mumbai guidelines. Contact the admission office for details on fee refund in case of cancellation.
Does SCOE conduct workshops,Yes SCOE regularly conducts workshops seminars guest lectures and technical training programs for students in collaboration with industry experts.
What are the holidays at SCOE,SCOE follows the academic calendar of University of Mumbai with holidays on national festivals gazetted holidays and semester breaks. Check the official calendar on the website.
When does the new academic year start at SCOE,The new academic year at SCOE typically starts in July-August as per University of Mumbai academic calendar.
What is ISE exam at SCOE,ISE stands for In Semester Examination. It is an internal exam conducted by SCOE during the semester contributing to internal assessment marks.
What is MSE exam at SCOE,MSE stands for Mid Semester Examination. It is conducted around the middle of the semester as part of internal assessment at SCOE.
How many exams are there in a semester at SCOE,In each semester there is one MSE one ISE practicals assignments and a final university semester end examination.
What is the grading system at SCOE,SCOE follows the University of Mumbai grading system with grades O A+ A B+ B C P and F based on marks scored in each subject.
What is grade O at University of Mumbai,Grade O is Outstanding and is awarded for marks between 80 to 100% in University of Mumbai grading system.
What is backlog at SCOE,Backlog refers to a subject in which a student has failed. Students can clear their backlogs in subsequent KT exams conducted by University of Mumbai.
How many backlogs are allowed at SCOE,As per University of Mumbai rules students with excessive backlogs may face issues in promotion. Contact the exam department for exact ATKT rules.
I need information about admission,Sure! SCOE admissions are done through MHT-CET or JEE via DTE Maharashtra CAP process. Eligibility is 12th PCM with 45% marks. Would you like to know more about fees documents or dates?
Tell me about placements,SCOE has an active placement cell. Top recruiters include TCS Infosys Wipro Capgemini and more. Average package is 3-5 LPA and highest is around 8-12 LPA. Need more details?
I want to know about fees,The approximate BE fee at SCOE is Rs 1 to 1.5 lakh per year for open category. Scholarships are available for eligible students. Want to know about specific branch fees or scholarships?
Tell me about facilities,SCOE has excellent facilities including library computer labs WiFi canteen sports ground seminar hall auditorium and 24x7 CCTV security. What specific facility do you want to know about?
I am interested in Computer Engineering,Great choice! Computer Engineering at SCOE has 120 seats intake. It covers programming data structures algorithms networks and software development. Placements are strong with companies like TCS and Infosys visiting regularly.
I want to know about scholarships,SCOE students can apply for Government of Maharashtra scholarships including EBC OBC SC ST through the mahadbt portal. Merit scholarships are also available. Need help with the application process?
What after BE from SCOE,After BE from SCOE you can go for higher studies like ME MBA or pursue competitive exams like GATE GRE. Many students also get placed directly through campus placements.
Is SCOE worth it,Yes SCOE is a good engineering college in Navi Mumbai with AICTE approval University of Mumbai affiliation decent placements good faculty and active campus life. It offers good value for engineering education.
